1 	 - 	 ( -/A ) 
2 	 - 	 ( -/G ) 
3 	 - 	 ( -/C ) 
4 	 - 	 ( -/A ) 
5 	 - 	 ( -/A ) 
6 	 - 	 ( -/A ) 
7 	 - 	 ( -/A ) 
8 	 - 	 ( -/G ) 
9 	 - 	 ( -/C ) 
10 	 - 	 ( -/A/G ) 
11 	 - 	 ( -/G ) 
12 	 - 	 ( -/G/A ) 
13 	 - 	 ( -/G/A ) 
14 	 - 	 ( -/G/A ) 
15 	 - 	 ( -/A ) 
16 	 - 	 ( -/T/C/A ) 
17 	 - 	 ( -/A/T ) 
18 	 - 	 ( -/A/T ) 
19 	 - 	 ( -/T/A ) 
20 	 - 	 ( -/T/A ) 
21 	 - 	 ( -/C/A/G ) 
22 	 - 	 ( -/T/C/G ) 
23 	 - 	 ( -/A/C ) 
24 	 - 	 ( -/T/A ) 
25 	 - 	 ( -/T/C/A ) 
26 	 - 	 ( -/A/C ) 
27 	 - 	 ( -/A ) 
28 	 - 	 ( -/C/A ) 
29 	 - 	 ( -/C/A ) 
30 	 A 	 (  ) 
31 	 T 	 (  ) 
32 	 G 	 (  ) 
33 	 A 	 (  ) 
34 	 A 	 ( A/G/T ) 
35 	 G 	 ( G/A ) 
36 	 G 	 ( -/G/A ) 
37 	 C 	 ( -/C/T ) 
38 	 A 	 ( -/A/G ) 
39 	 A 	 ( -/A/G ) 
40 	 T 	 ( -/T/A/G ) 
41 	 A 	 ( A/G ) 
42 	 C 	 ( C/A/T ) 
43 	 T 	 ( T/C ) 
44 	 A 	 ( A/G ) 
45 	 ? 	 ( T/G/A/C ) 
46 	 T 	 ( C/A/T ) 
47 	 A 	 ( A/G/T ) 
48 	 G 	 ( T/G/A ) 
49 	 T 	 (  ) 
50 	 ? 	 ( G/A/C/T ) 
51 	 C 	 ( C/T/A ) 
52 	 T 	 (  ) 
53 	 G 	 ( T/G/A ) 
54 	 C 	 ( T/C/A ) 
55 	 T 	 ( G/A/T ) 
56 	 A 	 ( A/G/T ) 
57 	 T 	 ( G/C/T ) 
58 	 A 	 ( C/A/G ) 
59 	 T 	 ( T/C ) 
60 	 A 	 ( A/G ) 
61 	 C 	 ( C/A/T ) 
62 	 A 	 ( A/G ) 
63 	 T 	 ( G/T/C ) 
64 	 T 	 (  ) 
65 	 T 	 ( C/T ) 
66 	 - 	 ( T/- ) 
67 	 - 	 ( A/- ) 
68 	 - 	 ( T/- ) 
69 	 - 	 ( G/A/- ) 
70 	 - 	 ( C/T/- ) 
71 	 - 	 ( C/- ) 
72 	 - 	 ( T/- ) 
73 	 - 	 ( G/A/- ) 
74 	 - 	 ( G/A/- ) 
75 	 - 	 ( T/- ) 
76 	 - 	 ( T/- ) 
77 	 - 	 ( T/C/A/- ) 
78 	 - 	 ( T/- ) 
79 	 - 	 ( C/T/- ) 
80 	 - 	 ( G/A/- ) 
81 	 - 	 ( C/- ) 
82 	 - 	 ( T/C/- ) 
83 	 - 	 ( C/- ) 
84 	 - 	 ( A/- ) 
85 	 - 	 ( A/- ) 
86 	 - 	 ( A/- ) 
87 	 - 	 ( A/- ) 
88 	 - 	 ( A/C/- ) 
89 	 - 	 ( A/C/- ) 
90 	 - 	 ( T/- ) 
91 	 - 	 ( T/C/- ) 
92 	 - 	 ( C/- ) 
93 	 - 	 ( C/A/- ) 
94 	 - 	 ( T/C/- ) 
95 	 - 	 ( G/A/- ) 
96 	 - 	 ( G/A/- ) 
97 	 - 	 ( A/T/C/- ) 
98 	 - 	 ( A/- ) 
99 	 - 	 ( A/-/G ) 
100 	 - 	 ( T/C/- ) 
101 	 - 	 ( G/A/- ) 
102 	 A 	 ( A/G ) 
103 	 C 	 ( C/T/A ) 
104 	 A 	 ( A/C ) 
105 	 A 	 ( A/G ) 
106 	 C 	 ( T/C/A ) 
107 	 ? 	 ( G/-/A/C/T ) 
108 	 G 	 ( G/-/A/T ) 
109 	 C 	 ( C/-/T ) 
110 	 A 	 ( A/-/G ) 
111 	 A 	 ( -/A/G/T/C ) 
112 	 A 	 ( -/A/G ) 
113 	 T 	 ( -/T/C/A ) 
114 	 G 	 ( -/A/G ) 
115 	 C 	 ( C/T ) 
116 	 ? 	 ( A/G/T/C ) 
117 	 G 	 (  ) 
118 	 A 	 ( C/A ) 
119 	 C 	 ( A/G/C/T ) 
120 	 A 	 (  ) 
121 	 C 	 ( C/A/T ) 
122 	 A 	 ( G/A/T ) 
123 	 ? 	 ( C/A/T ) 
124 	 T 	 (  ) 
125 	 A 	 ( G/A/T ) 
126 	 T 	 (  ) 
127 	 G 	 (  ) 
128 	 T 	 ( C/T ) 
129 	 A 	 ( C/T/A/G ) 
130 	 T 	 (  ) 
131 	 A 	 ( T/A/G/C ) 
132 	 G 	 (  ) 
133 	 G 	 (  ) 
134 	 ? 	 ( G/A/T/C ) 
135 	 T 	 ( C/T ) 
136 	 A 	 (  ) 
137 	 T 	 ( C/T ) 
138 	 C 	 (  ) 
139 	 A 	 (  ) 
140 	 T 	 ( T/C ) 
141 	 G 	 (  ) 
142 	 C 	 (  ) 
143 	 ? 	 ( A/G/T/C ) 
144 	 - 	 ( G/- ) 
145 	 - 	 ( T/- ) 
146 	 A 	 ( A/G ) 
147 	 A 	 ( C/A ) 
148 	 C 	 ( C/T ) 
149 	 A 	 (  ) 
150 	 A 	 (  ) 
151 	 T 	 ( A/T/C ) 
152 	 T 	 ( C/T ) 
153 	 C 	 ( G/C ) 
154 	 A 	 ( G/A ) 
155 	 A 	 (  ) 
156 	 C 	 ( A/C ) 
157 	 T 	 ( C/T/A ) 
158 	 G 	 ( G/A ) 
159 	 A 	 ( A/T ) 
160 	 C 	 ( T/C/A ) 
161 	 A 	 (  ) 
162 	 C 	 ( -/C ) 
163 	 T 	 ( -/T/G/A/C ) 
164 	 G 	 ( G/A ) 
165 	 T 	 (  ) 
166 	 ? 	 ( G/A/T/C ) 
167 	 G 	 ( A/G ) 
168 	 A 	 (  ) 
169 	 C 	 ( A/G/T/C ) 
170 	 A 	 (  ) 
171 	 C 	 (  ) 
172 	 A 	 ( A/T ) 
173 	 G 	 ( A/G ) 
174 	 T 	 (  ) 
175 	 A 	 ( C/A/G ) 
176 	 C 	 ( A/C/T/Y ) 
177 	 T 	 ( C/T ) 
178 	 A 	 ( A/G/T/C ) 
179 	 G 	 ( G/A ) 
180 	 A 	 (  ) 
181 	 ? 	 ( T/G/A ) 
182 	 A 	 ( G/A ) 
183 	 A 	 ( A/G ) 
184 	 G 	 ( C/T/G/A ) 
185 	 A 	 ( C/A ) 
186 	 A 	 ( G/A ) 
187 	 T 	 ( A/T/C ) 
188 	 G 	 ( A/G ) 
189 	 T 	 (  ) 
190 	 A 	 ( T/A/G ) 
191 	 A 	 ( G/A/R ) 
192 	 C 	 ( A/C ) 
193 	 A 	 ( A/G ) 
194 	 G 	 (  ) 
195 	 T 	 (  ) 
196 	 A 	 ( T/C/G/A ) 
197 	 A 	 (  ) 
198 	 C 	 (  ) 
199 	 A 	 ( T/A/G/C ) 
200 	 C 	 ( A/C ) 
201 	 A 	 (  ) 
202 	 C 	 ( T/C ) 
203 	 T 	 ( G/T ) 
204 	 C 	 (  ) 
205 	 T 	 ( T/C/A/G ) 
206 	 G 	 ( A/G ) 
207 	 T 	 ( C/T ) 
208 	 C 	 ( T/C/A ) 
209 	 A 	 ( G/A ) 
210 	 A 	 ( A/G ) 
211 	 C 	 ( G/A/C/T ) 
212 	 C 	 ( T/C ) 
213 	 T 	 (  ) 
214 	 T 	 ( G/A/T/C ) 
215 	 C 	 ( G/C ) 
216 	 T 	 (  ) 
217 	 ? 	 ( T/C/A/G ) 
218 	 G 	 ( C/G ) 
219 	 A 	 (  ) 
220 	 A 	 ( G/A ) 
221 	 A 	 ( A/G ) 
222 	 - 	 ( A/G/- ) 
223 	 - 	 ( T/- ) 
224 	 - 	 ( T/- ) 
225 	 - 	 ( C/T/A/- ) 
226 	 - 	 ( C/- ) 
227 	 - 	 ( T/- ) 
228 	 - 	 ( C/- ) 
229 	 - 	 ( A/T/- ) 
230 	 A 	 ( A/C ) 
231 	 C 	 ( T/C/A ) 
232 	 A 	 ( A/C ) 
233 	 G 	 ( G/A ) 
234 	 G 	 ( G/A/C/T ) 
235 	 C 	 ( T/A/C ) 
236 	 A 	 ( G/A ) 
237 	 T 	 ( A/G/T/C ) 
238 	 A 	 (  ) 
239 	 A 	 ( A/G ) 
240 	 T 	 ( T/C ) 
241 	 G 	 ( A/G ) 
242 	 G 	 ( T/G ) 
243 	 G 	 ( G/A/T ) 
244 	 A 	 ( C/T/A ) 
245 	 A 	 ( G/A ) 
246 	 A 	 ( A/G ) 
247 	 C 	 ( C/T ) 
248 	 T 	 ( A/T ) 
249 	 A 	 ( G/A/T/C ) 
250 	 T 	 ( T/C ) 
251 	 G 	 ( C/G ) 
252 	 C 	 ( C/T ) 
253 	 A 	 ( T/C/A ) 
254 	 A 	 ( C/T/A ) 
255 	 A 	 ( A/C/G ) 
256 	 C 	 ( T/C ) 
257 	 T 	 ( C/T ) 
258 	 A 	 (  ) 
259 	 A 	 ( G/A/T ) 
260 	 A 	 ( G/A ) 
261 	 A 	 ( -/G/A/T ) 
262 	 G 	 ( -/G ) 
263 	 G 	 ( -/G ) 
264 	 G 	 ( -/A/G ) 
265 	 ? 	 ( -/A/G ) 
266 	 T 	 ( -/A/T ) 
267 	 A 	 ( -/A/T ) 
268 	 G 	 ( -/G/T/C ) 
269 	 C 	 ( -/C ) 
270 	 T 	 ( -/C/T ) 
271 	 C 	 ( T/C ) 
272 	 C 	 (  ) 
273 	 A 	 ( C/A ) 
274 	 T 	 ( T/C/A ) 
275 	 T 	 ( C/T ) 
276 	 G 	 ( G/A/T ) 
277 	 C 	 ( -/T/C/A ) 
278 	 A 	 ( -/A ) 
279 	 ? 	 ( A/C/T/G ) 
280 	 T 	 ( T/C ) 
281 	 T 	 ( G/T ) 
282 	 G 	 ( G/A/T ) 
283 	 G 	 ( A/G ) 
284 	 G 	 ( G/A ) 
285 	 T 	 ( A/G/T/C ) 
286 	 A 	 ( G/A ) 
287 	 A 	 ( A/C/G ) 
288 	 A 	 ( A/G/T ) 
289 	 T 	 ( C/T ) 
290 	 G 	 ( T/G ) 
291 	 ? 	 ( G/T/C ) 
292 	 A 	 ( C/A ) 
293 	 A 	 ( A/G ) 
294 	 C 	 ( C/T ) 
295 	 A 	 ( A/G ) 
296 	 T 	 ( C/T ) 
297 	 T 	 ( T/A ) 
298 	 G 	 ( A/G ) 
299 	 C 	 ( A/C ) 
300 	 T 	 ( T/C/A ) 
301 	 G 	 ( A/G ) 
302 	 G 	 (  ) 
303 	 A 	 ( A/C/G ) 
304 	 T 	 (  ) 
305 	 G 	 (  ) 
306 	 - 	 ( C/- ) 
307 	 G 	 ( T/C/Y/G ) 
308 	 C 	 ( C/T/A ) 
309 	 T 	 (  ) 
310 	 ? 	 ( A/G/T/C ) 
311 	 T 	 ( T/C ) 
312 	 T 	 (  ) 
313 	 G 	 ( G/A ) 
314 	 G 	 (  ) 
315 	 G 	 (  ) 
316 	 A 	 ( A/G ) 
317 	 A 	 ( G/A ) 
318 	 A 	 ( A/G ) 
319 	 T 	 ( C/T ) 
320 	 C 	 (  ) 
321 	 C 	 (  ) 
322 	 A 	 ( T/A ) 
323 	 G 	 ( C/A/G ) 
324 	 A 	 (  ) 
325 	 G 	 ( G/A/T ) 
326 	 T 	 (  ) 
327 	 G 	 (  ) 
328 	 T 	 ( T/C ) 
329 	 G 	 (  ) 
330 	 A 	 ( A/G/T ) 
331 	 A 	 ( -/A/C/G ) 
332 	 T 	 ( -/T/C/A ) 
333 	 C 	 ( -/C/T ) 
334 	 A 	 ( -/A/G ) 
335 	 C 	 ( -/A/C ) 
336 	 T 	 ( C/T/G ) 
337 	 ? 	 ( G/A/C/T ) 
338 	 ? 	 ( G/A/C/T ) 
339 	 C 	 ( C/A/T ) 
340 	 C 	 ( T/C/A ) 
341 	 A 	 ( T/A/C ) 
342 	 C 	 ( T/C/G ) 
343 	 A 	 ( C/A ) 
344 	 G 	 ( A/G/C ) 
345 	 ? 	 ( A/G/T/C ) 
346 	 A 	 ( A/G/T ) 
347 	 - 	 ( A/- ) 
348 	 - 	 ( T/C/- ) 
349 	 A 	 ( A/G ) 
350 	 G 	 ( A/G/T ) 
351 	 A 	 ( G/T/C/A ) 
352 	 T 	 ( C/A/G/T ) 
353 	 C 	 ( A/G/C ) 
354 	 A 	 ( A/G/T ) 
355 	 T 	 (  ) 
356 	 G 	 (  ) 
357 	 G 	 (  ) 
358 	 T 	 ( G/T ) 
359 	 C 	 ( A/C ) 
360 	 C 	 ( C/T ) 
361 	 T 	 ( C/T ) 
362 	 A 	 ( T/A ) 
363 	 C 	 ( T/C ) 
364 	 A 	 ( T/A ) 
365 	 T 	 (  ) 
366 	 T 	 ( T/A/C ) 
367 	 G 	 ( G/A ) 
368 	 T 	 (  ) 
369 	 ? 	 ( T/C/G/A ) 
370 	 G 	 (  ) 
371 	 A 	 (  ) 
372 	 A 	 ( -/A/G ) 
373 	 A 	 ( -/A/G ) 
374 	 C 	 ( -/C/T/A ) 
375 	 A 	 ( A/G/T/C ) 
376 	 T 	 ( C/T/G ) 
377 	 C 	 ( G/C ) 
378 	 ? 	 ( A/T/C ) 
379 	 A 	 (  ) 
380 	 A 	 ( G/A ) 
381 	 T 	 ( C/T/G/A ) 
382 	 T 	 ( A/T/C ) 
383 	 C 	 ( G/A/C ) 
384 	 A 	 ( A/G/C/T ) 
385 	 G 	 ( G/T/A ) 
386 	 A 	 ( C/A/T ) 
387 	 ? 	 ( C/T/A/G ) 
388 	 A 	 ( T/C/A ) 
389 	 A 	 (  ) 
390 	 T 	 ( C/T ) 
391 	 G 	 ( A/G ) 
392 	 G 	 (  ) 
393 	 ? 	 ( C/T/G/A ) 
394 	 A 	 ( A/G ) 
395 	 C 	 ( A/G/C ) 
396 	 ? 	 ( C/T/A/G ) 
397 	 T 	 (  ) 
398 	 G 	 (  ) 
399 	 T 	 (  ) 
400 	 T 	 (  ) 
401 	 A 	 (  ) 
402 	 C 	 ( C/T ) 
403 	 C 	 (  ) 
404 	 C 	 (  ) 
405 	 A 	 ( T/A ) 
406 	 G 	 ( T/G ) 
407 	 G 	 ( A/G ) 
408 	 ? 	 ( T/A/G ) 
409 	 G 	 ( G/T/A/C ) 
410 	 A 	 ( A/G ) 
411 	 T 	 ( T/C/G/A ) 
412 	 T 	 ( G/T ) 
413 	 T 	 (  ) 
414 	 C 	 ( G/T/C ) 
415 	 A 	 ( C/A/T/G ) 
416 	 ? 	 ( C/T/A ) 
417 	 C 	 ( G/A/C/T ) 
418 	 A 	 ( G/A ) 
419 	 A 	 (  ) 
420 	 T 	 ( T/C ) 
421 	 T 	 (  ) 
422 	 A 	 (  ) 
423 	 T 	 ( T/C ) 
424 	 G 	 (  ) 
425 	 A 	 ( T/C/A ) 
426 	 ? 	 ( C/T/A/G ) 
427 	 G 	 ( T/A/G ) 
428 	 A 	 ( C/A ) 
429 	 G 	 ( C/G/A ) 
430 	 C 	 ( C/T ) 
431 	 T 	 (  ) 
432 	 ? 	 ( T/C/G/A ) 
433 	 A 	 (  ) 
434 	 G 	 (  ) 
435 	 A 	 ( G/A ) 
436 	 G 	 ( T/G ) 
437 	 A 	 ( C/A ) 
438 	 G 	 ( A/G ) 
439 	 C 	 (  ) 
440 	 A 	 ( -/A ) 
441 	 A 	 ( -/A/G/T ) 
442 	 T 	 ( -/T/C ) 
443 	 T 	 ( -/T ) 
444 	 G 	 ( -/G/A ) 
445 	 A 	 ( -/A/G ) 
446 	 G 	 ( -/G/A ) 
447 	 C 	 ( -/C/T ) 
448 	 T 	 ( -/T ) 
449 	 C 	 ( T/C ) 
450 	 A 	 ( A/C/T ) 
451 	 G 	 ( G/A ) 
452 	 T 	 (  ) 
453 	 G 	 ( T/G/A ) 
454 	 T 	 ( G/T ) 
455 	 C 	 (  ) 
456 	 A 	 ( C/A/T ) 
457 	 T 	 (  ) 
458 	 C 	 (  ) 
459 	 A 	 ( A/T ) 
460 	 T 	 (  ) 
461 	 T 	 ( C/T ) 
462 	 T 	 ( C/T ) 
463 	 G 	 ( G/A ) 
464 	 A 	 ( G/A ) 
465 	 A 	 ( C/T/A/G ) 
466 	 A 	 (  ) 
467 	 G 	 ( C/-/A/G ) 
468 	 A 	 ( A/C/G ) 
469 	 T 	 ( C/T ) 
470 	 T 	 ( T/C ) 
471 	 T 	 ( T/G/-/C ) 
472 	 G 	 ( G/- ) 
473 	 A 	 ( A/- ) 
474 	 ? 	 ( G/A ) 
475 	 A 	 ( -/T/A ) 
476 	 T 	 ( -/A/T ) 
477 	 A 	 ( -/A/C/G ) 
478 	 T 	 (  ) 
479 	 T 	 (  ) 
480 	 C 	 ( T/A/C ) 
481 	 C 	 ( A/C/T ) 
482 	 C 	 ( A/C/T ) 
483 	 C 	 ( A/C/T ) 
484 	 A 	 ( A/C/G ) 
485 	 A 	 ( A/G/T/C ) 
486 	 G 	 ( T/G/A ) 
487 	 A 	 ( G/A ) 
488 	 A 	 ( A/C/G/T ) 
489 	 A 	 ( A/C/T/G ) 
490 	 A 	 ( A/T/G ) 
491 	 G 	 ( G/A/C ) 
492 	 - 	 ( C/- ) 
493 	 T 	 ( T/C ) 
494 	 T 	 (  ) 
495 	 C 	 ( C/-/T ) 
496 	 A 	 ( A/-/G ) 
497 	 - 	 ( A/- ) 
498 	 - 	 ( T/-/C ) 
499 	 T 	 ( T/- ) 
500 	 G 	 ( G/- ) 
501 	 G 	 ( G/- ) 
502 	 C 	 ( A/-/T/C ) 
503 	 C 	 ( C/T ) 
504 	 C 	 ( T/C/-/A ) 
505 	 A 	 ( -/A/G ) 
506 	 A 	 ( -/A/G ) 
507 	 T 	 ( -/T/C/A ) 
508 	 C 	 ( -/T/C/A ) 
509 	 A 	 ( -/G/A ) 
510 	 T 	 ( -/G/T/C ) 
511 	 ? 	 ( -/A/G ) 
512 	 A 	 ( -/A/C/G ) 
513 	 C 	 ( -/T/A/C ) 
514 	 ? 	 ( -/A/T/G ) 
515 	 C 	 ( -/C/T ) 
516 	 ? 	 ( -/A/G ) 
517 	 A 	 ( -/A/G ) 
518 	 ? 	 ( -/A/G/C ) 
519 	 C 	 ( -/C/A/T ) 
520 	 - 	 ( -/A ) 
521 	 - 	 ( -/A/G/T ) 
522 	 - 	 ( -/A/G/T/C ) 
523 	 G 	 (  ) 
524 	 G 	 (  ) 
525 	 T 	 ( A/G/T ) 
526 	 G 	 ( G/A ) 
527 	 T 	 ( T/A/C/G ) 
528 	 ? 	 ( C/A/T/G ) 
529 	 A 	 ( A/T/G ) 
530 	 C 	 (  ) 
531 	 - 	 ( T/- ) 
532 	 - 	 ( C/- ) 
533 	 - 	 ( A/- ) 
534 	 - 	 ( A/- ) 
535 	 - 	 ( A/G/- ) 
536 	 - 	 ( A/- ) 
537 	 - 	 ( C/T/- ) 
538 	 - 	 ( G/- ) 
539 	 - 	 ( G/- ) 
540 	 A 	 ( A/G/T ) 
541 	 G 	 ( A/G/T ) 
542 	 C 	 ( T/A/C ) 
543 	 A 	 ( A/M/G/T/C ) 
544 	 ? 	 ( A/T/G ) 
545 	 C 	 ( G/C ) 
546 	 A 	 ( T/C/A/G ) 
547 	 T 	 (  ) 
548 	 G 	 ( C/T/A/G ) 
549 	 T 	 ( T/G/C ) 
550 	 T 	 ( T/G/C ) 
551 	 C 	 (  ) 
552 	 T 	 ( T/C/A ) 
553 	 C 	 ( T/G/C ) 
554 	 A 	 ( G/A/C ) 
555 	 T 	 ( C/T ) 
556 	 G 	 ( A/G ) 
557 	 C 	 ( T/A/G/C ) 
558 	 T 	 ( A/T/C ) 
559 	 G 	 ( A/G ) 
560 	 G 	 ( G/A ) 
561 	 G 	 ( G/A ) 
562 	 A 	 ( G/A/C ) 
563 	 ? 	 ( G/A/C ) 
564 	 A 	 ( A/G/T/C ) 
565 	 - 	 ( T/- ) 
566 	 - 	 ( C/- ) 
567 	 - 	 ( T/C/- ) 
568 	 - 	 ( A/G/- ) 
569 	 - 	 ( A/G/T/- ) 
570 	 - 	 ( T/C/- ) 
571 	 A 	 ( A/G ) 
572 	 A 	 ( G/A ) 
573 	 ? 	 ( T/A/C/G ) 
574 	 A 	 (  ) 
575 	 G 	 (  ) 
576 	 C 	 ( T/C ) 
577 	 T 	 (  ) 
578 	 T 	 (  ) 
579 	 C 	 ( C/T/Y ) 
580 	 T 	 (  ) 
581 	 A 	 ( T/A ) 
582 	 C 	 ( T/C ) 
583 	 A 	 ( A/G ) 
584 	 G 	 ( G/A ) 
585 	 A 	 ( T/A/G ) 
586 	 A 	 (  ) 
587 	 A 	 ( G/A ) 
588 	 T 	 ( A/G/T/C ) 
589 	 T 	 ( T/Y/G/C ) 
590 	 T 	 (  ) 
591 	 G 	 ( A/G ) 
592 	 ? 	 ( A/G/C ) 
593 	 T 	 ( A/T ) 
594 	 A 	 ( T/A/G/C ) 
595 	 T 	 (  ) 
596 	 G 	 (  ) 
597 	 G 	 (  ) 
598 	 C 	 ( T/C ) 
599 	 T 	 (  ) 
600 	 G 	 ( G/A/T ) 
601 	 G 	 ( A/C/T/G ) 
602 	 T 	 ( C/A/T ) 
603 	 - 	 ( -/T ) 
604 	 - 	 ( -/A ) 
605 	 - 	 ( -/A ) 
606 	 - 	 ( -/A ) 
607 	 - 	 ( -/A ) 
608 	 - 	 ( -/A ) 
609 	 A 	 ( C/T/G/A ) 
610 	 ? 	 ( C/A/G ) 
611 	 A 	 ( A/T/C ) 
612 	 A 	 ( C/A/T/G ) 
613 	 A 	 ( T/A/R ) 
614 	 A 	 ( T/C/A ) 
615 	 A 	 ( A/G ) 
616 	 G 	 ( A/G/C ) 
617 	 A 	 ( A/T/G/C ) 
618 	 ? 	 ( C/T/A/G ) 
619 	 A 	 ( T/C/A/G/N ) 
620 	 A 	 ( A/T/C/G ) 
621 	 T 	 ( C/T/A ) 
622 	 T 	 ( A/T/C ) 
623 	 C 	 ( A/C/T ) 
624 	 A 	 ( A/G ) 
625 	 T 	 (  ) 
626 	 A 	 (  ) 
627 	 C 	 ( T/C ) 
628 	 C 	 (  ) 
629 	 C 	 (  ) 
630 	 A 	 ( A/G/T/C ) 
631 	 A 	 ( G/A ) 
632 	 A 	 ( C/A/G/T ) 
633 	 ? 	 ( A/G/T/C ) 
634 	 C 	 ( C/T/A/G ) 
635 	 T 	 ( T/A ) 
636 	 C 	 ( G/A/C/T ) 
637 	 A 	 ( A/G/M ) 
638 	 A 	 ( A/G/T/C ) 
639 	 C 	 ( C/A/T ) 
640 	 A 	 ( G/A/C ) 
641 	 A 	 ( T/A/C/G ) 
642 	 G 	 ( G/A/T/C ) 
643 	 T 	 ( A/G/T ) 
644 	 C 	 ( T/C ) 
645 	 C 	 ( T/C ) 
646 	 T 	 ( A/T ) 
647 	 A 	 ( T/A ) 
648 	 ? 	 ( G/T/C ) 
649 	 A 	 ( C/G/A ) 
650 	 T 	 ( C/T/G/A ) 
651 	 T 	 ( A/T/C/G ) 
652 	 A 	 (  ) 
653 	 A 	 (  ) 
654 	 C 	 ( C/T ) 
655 	 A 	 ( A/G ) 
656 	 A 	 ( A/C/G ) 
657 	 T 	 ( T/G/C/A ) 
658 	 A 	 ( G/A ) 
659 	 A 	 ( A/G ) 
660 	 A 	 ( A/C/G ) 
661 	 G 	 ( C/A/G ) 
662 	 A 	 ( A/G ) 
663 	 - 	 ( A/G/C/- ) 
664 	 - 	 ( T/- ) 
665 	 - 	 ( T/- ) 
666 	 - 	 ( T/C/- ) 
667 	 G 	 ( G/A ) 
668 	 A 	 ( A/G ) 
669 	 A 	 ( C/A/G/T ) 
670 	 A 	 ( A/G ) 
671 	 G 	 ( A/G ) 
672 	 A 	 ( A/G ) 
673 	 A 	 ( -/A/G ) 
674 	 G 	 ( -/G/A ) 
675 	 T 	 ( -/T ) 
676 	 ? 	 ( -/C/T ) 
677 	 C 	 ( -/C ) 
678 	 T 	 (  ) 
679 	 T 	 ( T/C ) 
680 	 G 	 ( G/A ) 
681 	 T 	 (  ) 
682 	 A 	 ( A/G/T ) 
683 	 C 	 ( C/T/A/G ) 
684 	 - 	 ( A/- ) 
685 	 T 	 (  ) 
686 	 ? 	 ( T/C/A/G ) 
687 	 T 	 (  ) 
688 	 G 	 (  ) 
689 	 G 	 (  ) 
690 	 G 	 (  ) 
691 	 G 	 ( G/C ) 
692 	 C 	 ( G/A/C/T ) 
693 	 A 	 ( G/A ) 
694 	 T 	 (  ) 
695 	 T 	 ( C/T/A/G ) 
696 	 C 	 (  ) 
697 	 A 	 (  ) 
698 	 C 	 ( C/T ) 
699 	 C 	 (  ) 
700 	 A 	 (  ) 
701 	 T 	 ( C/T ) 
702 	 C 	 (  ) 
703 	 C 	 (  ) 
704 	 A 	 ( G/A/T ) 
705 	 T 	 ( G/C/T ) 
706 	 C 	 ( G/C ) 
707 	 T 	 ( T/C/A ) 
708 	 A 	 ( A/G ) 
709 	 C 	 ( C/A ) 
710 	 C 	 ( G/A/T/C ) 
711 	 A 	 ( G/A ) 
712 	 ? 	 ( A/G/C/T ) 
713 	 ? 	 ( C/T/G/A ) 
714 	 G 	 ( A/G/T ) 
715 	 ? 	 ( A/C/G/T ) 
716 	 ? 	 ( T/G/C/A ) 
717 	 G 	 ( G/A ) 
718 	 A 	 ( A/C ) 
719 	 C 	 ( C/T ) 
720 	 C 	 (  ) 
721 	 A 	 (  ) 
722 	 A 	 ( A/G ) 
723 	 C 	 ( A/C/G ) 
724 	 A 	 ( C/T/G/A ) 
725 	 G 	 ( C/A/G/T ) 
726 	 A 	 ( T/A/G ) 
727 	 ? 	 ( C/A/G ) 
728 	 ? 	 ( C/T/G/A ) 
729 	 C 	 ( C/T ) 
730 	 T 	 (  ) 
731 	 C 	 ( G/A/C/T ) 
732 	 T 	 (  ) 
733 	 A 	 (  ) 
734 	 T 	 ( T/C ) 
735 	 - 	 ( G/A/- ) 
736 	 - 	 ( C/T/- ) 
737 	 - 	 ( T/Y/- ) 
738 	 - 	 ( C/- ) 
739 	 - 	 ( G/A/- ) 
740 	 - 	 ( A/G/- ) 
741 	 - 	 ( T/G/C/A/- ) 
742 	 C 	 ( C/A/G ) 
743 	 A 	 ( A/T/G ) 
744 	 ? 	 ( T/G/A/C ) 
745 	 A 	 ( C/A/G ) 
746 	 A 	 ( A/C/T ) 
747 	 T 	 ( G/T/A ) 
748 	 G 	 ( G/A ) 
749 	 ? 	 ( A/G/C/T ) 
750 	 A 	 ( A/G ) 
751 	 G 	 ( G/A ) 
752 	 A 	 ( G/A ) 
753 	 T 	 ( A/G/T/C ) 
754 	 G 	 ( T/G/A ) 
755 	 C 	 ( C/T ) 
756 	 ? 	 ( A/C/T ) 
757 	 T 	 ( T/C ) 
758 	 A 	 ( A/G/C ) 
759 	 T 	 ( -/T/A/C ) 
760 	 G 	 ( G/A ) 
761 	 T 	 (  ) 
762 	 ? 	 ( A/G/C/T ) 
763 	 T 	 (  ) 
764 	 T 	 ( C/T ) 
765 	 T 	 ( T/-/C/G ) 
766 	 G 	 ( -/G ) 
767 	 T 	 ( -/T ) 
768 	 ? 	 ( -/A/G/T ) 
769 	 G 	 ( -/G/A ) 
770 	 G 	 ( -/G/T/C ) 
771 	 G 	 ( -/A/G ) 
772 	 T 	 ( -/A/T ) 
773 	 C 	 ( -/C ) 
774 	 A 	 ( A/T/C ) 
775 	 T 	 ( C/T ) 
776 	 C 	 ( C/T ) 
777 	 A 	 ( A/G ) 
778 	 A 	 ( A/G/C ) 
779 	 A 	 ( A/C/G ) 
780 	 A 	 ( A/G/T/C ) 
781 	 T 	 ( G/T ) 
782 	 A 	 (  ) 
783 	 C 	 ( A/G/C/T ) 
784 	 A 	 ( G/A ) 
785 	 G 	 ( C/T/G/A ) 
786 	 C 	 ( C/T ) 
787 	 A 	 ( A/C/G ) 
788 	 A 	 ( A/G ) 
789 	 G 	 ( C/G/T/A ) 
790 	 A 	 ( A/G ) 
791 	 A 	 ( A/G ) 
792 	 A 	 ( G/A ) 
793 	 T 	 ( C/T ) 
794 	 - 	 ( T/C/- ) 
795 	 - 	 ( G/A/- ) 
796 	 T 	 (  ) 
797 	 C 	 ( A/G/T/C ) 
798 	 A 	 ( A/G/R ) 
799 	 ? 	 ( T/C/A/G ) 
800 	 ? 	 ( C/T/A/G ) 
801 	 C 	 (  ) 
802 	 C 	 (  ) 
803 	 A 	 ( A/G/T ) 
804 	 G 	 ( A/G ) 
805 	 A 	 (  ) 
806 	 A 	 ( T/G/A ) 
807 	 A 	 (  ) 
808 	 T 	 (  ) 
809 	 A 	 ( C/T/A ) 
810 	 G 	 ( G/T/A ) 
811 	 C 	 ( G/C/T/A ) 
812 	 ? 	 ( A/G/T/C ) 
813 	 A 	 ( T/A/G ) 
814 	 C 	 ( C/T/A/G ) 
815 	 A 	 ( T/C/A/G/M ) 
816 	 A 	 (  ) 
817 	 G 	 (  ) 
818 	 A 	 ( A/G ) 
819 	 C 	 (  ) 
820 	 C 	 (  ) 
821 	 C 	 ( C/T/A/G ) 
822 	 A 	 ( A/C/T ) 
823 	 A 	 ( G/A ) 
824 	 G 	 ( A/G ) 
825 	 G 	 ( A/G ) 
826 	 T 	 (  ) 
827 	 G 	 ( A/G ) 
828 	 A 	 ( A/C ) 
829 	 G 	 ( G/A ) 
830 	 A 	 ( G/A/R ) 
831 	 G 	 ( G/A ) 
832 	 A 	 ( A/G ) 
833 	 T 	 ( T/C ) 
834 	 C 	 ( A/G/C ) 
835 	 A 	 ( T/A ) 
836 	 A 	 ( C/T/A/G ) 
837 	 G 	 ( C/A/T/G ) 
838 	 C 	 ( C/A/G ) 
839 	 A 	 ( C/A/T/G ) 
840 	 G 	 ( A/G ) 
841 	 G 	 (  ) 
842 	 ? 	 ( C/G/A ) 
843 	 A 	 ( A/C ) 
844 	 G 	 ( G/T ) 
845 	 A 	 ( A/G ) 
846 	 A 	 (  ) 
847 	 T 	 (  ) 
848 	 G 	 ( A/G/C/T ) 
849 	 A 	 ( A/G ) 
850 	 A 	 ( G/A/C ) 
851 	 C 	 ( C/T/A ) 
852 	 T 	 ( A/T ) 
853 	 A 	 ( T/A ) 
854 	 T 	 ( C/A/T ) 
855 	 T 	 (  ) 
856 	 A 	 (  ) 
857 	 C 	 ( T/C ) 
858 	 T 	 (  ) 
859 	 G 	 (  ) 
860 	 G 	 (  ) 
861 	 A 	 ( A/G ) 
862 	 C 	 (  ) 
863 	 A 	 ( A/G/T ) 
864 	 C 	 ( A/G/C/T ) 
865 	 T 	 (  ) 
866 	 A 	 ( A/G ) 
867 	 G 	 ( G/T/A/C ) 
868 	 T 	 (  ) 
869 	 A 	 ( A/G/T ) 
870 	 G 	 ( A/G ) 
871 	 A 	 ( A/G ) 
872 	 A 	 ( A/G/T ) 
873 	 C 	 ( C/G ) 
874 	 C 	 ( C/T ) 
875 	 ? 	 ( G/A/C/Y/T ) 
876 	 G 	 ( G/A/K ) 
877 	 G 	 ( G/A ) 
878 	 A 	 ( A/G ) 
879 	 G 	 (  ) 
880 	 A 	 (  ) 
881 	 C 	 ( C/T/G ) 
882 	 A 	 ( A/G ) 
883 	 ? 	 ( T/C/G/A ) 
884 	 A 	 ( A/G ) 
885 	 A 	 ( C/A/G ) 
886 	 T 	 (  ) 
887 	 A 	 ( T/A ) 
888 	 A 	 ( T/A/G ) 
889 	 C 	 ( T/C ) 
890 	 A 	 ( G/A ) 
891 	 T 	 ( A/T ) 
892 	 T 	 (  ) 
893 	 T 	 ( T/C ) 
894 	 G 	 ( A/G ) 
895 	 A 	 (  ) 
896 	 A 	 ( C/T/A/G ) 
897 	 G 	 ( A/G ) 
898 	 C 	 ( G/C ) 
899 	 A 	 ( C/A/T/G ) 
900 	 A 	 (  ) 
901 	 C 	 ( C/G/A ) 
902 	 T 	 ( A/T/C ) 
903 	 G 	 (  ) 
904 	 G 	 (  ) 
905 	 A 	 ( G/A/T/C ) 
906 	 A 	 (  ) 
907 	 A 	 (  ) 
908 	 T 	 ( T/C ) 
909 	 C 	 ( C/T ) 
910 	 T 	 (  ) 
911 	 A 	 ( G/A ) 
912 	 G 	 ( A/G ) 
913 	 T 	 (  ) 
914 	 G 	 ( T/G/A ) 
915 	 G 	 ( G/A ) 
916 	 C 	 ( C/T ) 
917 	 A 	 ( T/C/A/G ) 
918 	 C 	 (  ) 
919 	 C 	 (  ) 
920 	 ? 	 ( T/A/G ) 
921 	 A 	 ( A/C/G/T ) 
922 	 G 	 ( G/A/T ) 
923 	 G 	 ( G/A ) 
924 	 T 	 ( G/T ) 
925 	 A 	 ( G/A ) 
926 	 T 	 ( T/C ) 
927 	 G 	 ( T/G ) 
928 	 C 	 ( A/C ) 
929 	 C 	 ( C/T/A/G ) 
930 	 T 	 (  ) 
931 	 T 	 ( T/A ) 
932 	 C 	 ( C/T ) 
933 	 G 	 ( A/G ) 
934 	 C 	 ( A/C/T ) 
935 	 A 	 ( A/G ) 
936 	 ? 	 ( A/G/T/C ) 
937 	 T 	 (  ) 
938 	 G 	 ( A/G/T ) 
939 	 A 	 ( C/A/G ) 
940 	 A 	 ( G/A/T/C ) 
941 	 A 	 ( A/T/G/C ) 
942 	 A 	 (  ) 
943 	 G 	 ( G/A ) 
944 	 A 	 ( T/C/A/G ) 
945 	 G 	 ( G/A ) 
946 	 G 	 ( G/A ) 
947 	 T 	 ( G/A/T/C ) 
948 	 T 	 ( A/G/T/C ) 
949 	 C 	 ( A/G/T/C ) 
950 	 T 	 ( A/T/C/G ) 
951 	 G 	 ( A/G ) 
952 	 G 	 ( G/A ) 
953 	 A 	 ( C/A/T/G ) 
954 	 T 	 (  ) 
955 	 C 	 (  ) 
956 	 T 	 ( A/T/C/G ) 
957 	 G 	 ( -/G ) 
958 	 G 	 ( -/G ) 
959 	 T 	 ( -/T/C/A/G ) 
960 	 A 	 (  ) 
961 	 T 	 (  ) 
962 	 ? 	 ( A/T/C ) 
963 	 A 	 ( A/C ) 
964 	 T 	 (  ) 
965 	 C 	 ( G/A/T/C ) 
966 	 A 	 ( A/G ) 
967 	 T 	 ( G/A/T/C ) 
968 	 T 	 ( A/G/T/C ) 
969 	 T 	 (  ) 
970 	 C 	 (  ) 
971 	 A 	 ( A/G/T ) 
972 	 G 	 ( G/A ) 
973 	 A 	 ( A/G ) 
974 	 T 	 ( T/G/A ) 
975 	 G 	 ( G/A ) 
976 	 C 	 ( C/T ) 
977 	 A 	 ( A/C/T/G ) 
978 	 C 	 ( C/T ) 
979 	 C 	 ( C/T/A ) 
980 	 A 	 ( C/T/A ) 
981 	 A 	 ( A/G ) 
982 	 T 	 ( T/C ) 
983 	 ? 	 ( T/C/A/G ) 
984 	 C 	 ( G/C/A ) 
985 	 A 	 ( G/A ) 
986 	 C 	 ( C/T/A ) 
987 	 G 	 ( A/G/C ) 
988 	 A 	 ( A/G ) 
989 	 T 	 ( A/G/C/T ) 
990 	 T 	 (  ) 
991 	 G 	 (  ) 
992 	 C 	 ( C/T ) 
993 	 A 	 ( A/G ) 
994 	 A 	 (  ) 
995 	 T 	 ( A/T/C ) 
996 	 A 	 ( T/A/G ) 
997 	 C 	 ( C/T ) 
998 	 A 	 ( T/G/A ) 
999 	 A 	 ( G/T/A ) 
1000 	 C 	 ( A/C/T ) 
1001 	 T 	 ( A/G/T ) 
1002 	 T 	 (  ) 
1003 	 G 	 (  ) 
1004 	 T 	 ( C/T ) 
1005 	 C 	 ( A/C ) 
1006 	 A 	 ( T/A ) 
1007 	 ? 	 ( C/T/G/A ) 
1008 	 A 	 (  ) 
1009 	 C 	 (  ) 
1010 	 A 	 ( T/A/G/C ) 
1011 	 C 	 (  ) 
1012 	 C 	 (  ) 
1013 	 ? 	 ( A/T/C ) 
1014 	 A 	 ( A/G/C ) 
1015 	 A 	 ( A/G/T ) 
1016 	 ? 	 ( T/A/G ) 
1017 	 G 	 (  ) 
1018 	 G 	 (  ) 
1019 	 T 	 ( A/T/C/G ) 
1020 	 G 	 ( A/G ) 
1021 	 C 	 ( G/C ) 
1022 	 T 	 ( C/T/A ) 
1023 	 A 	 ( A/C/T ) 
1024 	 T 	 (  ) 
1025 	 A 	 ( T/C/A/G ) 
1026 	 A 	 ( C/T/A ) 
1027 	 A 	 ( C/A ) 
1028 	 C 	 ( C/A/T ) 
1029 	 A 	 ( A/G ) 
1030 	 C 	 ( A/C/G ) 
1031 	 C 	 ( T/C ) 
1032 	 A 	 ( A/G ) 
1033 	 G 	 ( A/G ) 
1034 	 C 	 ( C/T/A ) 
1035 	 C 	 ( A/C ) 
1036 	 T 	 ( A/T ) 
1037 	 C 	 ( A/C/T ) 
1038 	 C 	 (  ) 
1039 	 C 	 (  ) 
1040 	 A 	 ( A/T/C/G ) 
1041 	 T 	 (  ) 
1042 	 T 	 (  ) 
1043 	 T 	 ( C/T ) 
1044 	 C 	 (  ) 
1045 	 A 	 (  ) 
1046 	 G 	 ( A/G ) 
1047 	 A 	 (  ) 
1048 	 A 	 (  ) 
1049 	 T 	 ( T/C ) 
1050 	 G 	 ( G/A ) 
1051 	 T 	 (  ) 
1052 	 A 	 ( A/G/C ) 
1053 	 C 	 ( A/C ) 
1054 	 A 	 (  ) 
1055 	 T 	 ( C/T ) 
1056 	 C 	 ( A/C ) 
1057 	 C 	 ( G/A/C ) 
1058 	 A 	 ( G/A/T ) 
1059 	 G 	 ( A/G ) 
1060 	 T 	 (  ) 
1061 	 C 	 ( C/T/A ) 
1062 	 A 	 (  ) 
1063 	 C 	 (  ) 
1064 	 A 	 ( A/T/G ) 
1065 	 A 	 ( T/A ) 
1066 	 T 	 ( A/T ) 
1067 	 T 	 ( T/C/A ) 
1068 	 G 	 (  ) 
1069 	 G 	 (  ) 
1070 	 A 	 ( G/A ) 
1071 	 G 	 ( G/R/A ) 
1072 	 A 	 ( C/A ) 
1073 	 A 	 ( C/A/G ) 
1074 	 T 	 (  ) 
1075 	 G 	 (  ) 
1076 	 T 	 ( T/C ) 
1077 	 C 	 (  ) 
1078 	 C 	 (  ) 
1079 	 A 	 ( C/A/G ) 
1080 	 A 	 (  ) 
1081 	 A 	 ( G/A ) 
1082 	 G 	 ( A/G ) 
1083 	 T 	 (  ) 
1084 	 A 	 (  ) 
1085 	 T 	 ( T/C ) 
1086 	 G 	 ( G/A ) 
1087 	 T 	 (  ) 
1088 	 ? 	 ( T/C/A/G ) 
1089 	 A 	 (  ) 
1090 	 A 	 ( A/G ) 
1091 	 A 	 ( G/A ) 
1092 	 A 	 ( C/A ) 
1093 	 G 	 ( A/G ) 
1094 	 T 	 ( A/C/T ) 
1095 	 A 	 ( A/G ) 
1096 	 C 	 ( G/A/C/T ) 
1097 	 A 	 ( C/A/T ) 
1098 	 A 	 ( A/G ) 
1099 	 A 	 ( C/A/G ) 
1100 	 A 	 ( T/C/A/G ) 
1101 	 T 	 ( C/T ) 
1102 	 T 	 (  ) 
1103 	 G 	 ( G/A/T ) 
1104 	 A 	 (  ) 
1105 	 G 	 ( A/G ) 
1106 	 A 	 ( A/G ) 
1107 	 A 	 ( T/C/A ) 
1108 	 T 	 (  ) 
1109 	 G 	 (  ) 
1110 	 G 	 (  ) 
1111 	 C 	 ( C/T ) 
1112 	 ? 	 ( A/T/C ) 
1113 	 A 	 (  ) 
1114 	 C 	 (  ) 
1115 	 A 	 ( A/G ) 
1116 	 G 	 (  ) 
1117 	 G 	 (  ) 
1118 	 A 	 ( A/G/C/T ) 
1119 	 T 	 ( A/T/C ) 
1120 	 T 	 (  ) 
1121 	 A 	 ( G/A ) 
1122 	 A 	 ( C/A ) 
1123 	 G 	 (  ) 
1124 	 G 	 ( A/G ) 
1125 	 A 	 (  ) 
1126 	 A 	 (  ) 
1127 	 T 	 ( T/C ) 
1128 	 A 	 ( G/A ) 
1129 	 T 	 ( T/A/C ) 
1130 	 C 	 ( A/C/T ) 
1131 	 C 	 (  ) 
1132 	 C 	 (  ) 
1133 	 A 	 ( A/G/C/T ) 
1134 	 T 	 ( G/T ) 
1135 	 C 	 ( A/C ) 
1136 	 T 	 ( G/A/T/C ) 
1137 	 A 	 (  ) 
1138 	 T 	 ( A/T ) 
1139 	 T 	 ( A/G/T/C ) 
1140 	 C 	 (  ) 
1141 	 A 	 ( A/M ) 
1142 	 A 	 ( A/G ) 
1143 	 T 	 ( A/T/C ) 
1144 	 C 	 ( C/A ) 
1145 	 T 	 ( T/A/C ) 
1146 	 A 	 (  ) 
1147 	 G 	 (  ) 
1148 	 A 	 ( A/G ) 
1149 	 G 	 (  ) 
1150 	 G 	 (  ) 
1151 	 C 	 ( C/T/G/A ) 
1152 	 C 	 ( A/T/C ) 
1153 	 T 	 (  ) 
1154 	 A 	 ( A/G ) 
1155 	 T 	 (  ) 
1156 	 T 	 (  ) 
1157 	 T 	 ( T/C ) 
1158 	 G 	 (  ) 
1159 	 G 	 (  ) 
1160 	 ? 	 ( C/A/G/T ) 
1161 	 G 	 (  ) 
1162 	 C 	 (  ) 
1163 	 C 	 ( A/C/T ) 
1164 	 A 	 (  ) 
1165 	 T 	 (  ) 
1166 	 T 	 ( A/C/T ) 
1167 	 G 	 (  ) 
1168 	 C 	 (  ) 
1169 	 ? 	 ( G/T/A/C ) 
1170 	 G 	 (  ) 
1171 	 G 	 (  ) 
1172 	 T 	 ( T/G/C ) 
1173 	 T 	 (  ) 
1174 	 T 	 (  ) 
1175 	 C 	 ( C/T ) 
1176 	 A 	 (  ) 
1177 	 T 	 (  ) 
1178 	 T 	 ( A/T/C ) 
1179 	 G 	 (  ) 
1180 	 A 	 (  ) 
1181 	 A 	 ( A/G ) 
1182 	 G 	 ( A/G ) 
1183 	 G 	 ( A/G ) 
1184 	 G 	 ( T/A/G ) 
1185 	 G 	 (  ) 
1186 	 G 	 (  ) 
1187 	 ? 	 ( T/C/A/G ) 
1188 	 T 	 (  ) 
1189 	 G 	 (  ) 
1190 	 G 	 (  ) 
1191 	 A 	 ( G/A ) 
1192 	 C 	 ( A/C ) 
1193 	 A 	 ( G/A/C/T ) 
1194 	 G 	 (  ) 
1195 	 G 	 (  ) 
1196 	 A 	 ( A/G ) 
1197 	 A 	 (  ) 
1198 	 T 	 (  ) 
1199 	 G 	 (  ) 
1200 	 G 	 ( G/C/A ) 
1201 	 T 	 (  ) 
1202 	 A 	 ( G/A/C ) 
1203 	 G 	 (  ) 
1204 	 A 	 (  ) 
1205 	 T 	 ( T/C/G ) 
1206 	 G 	 (  ) 
1207 	 G 	 (  ) 
1208 	 A 	 ( T/A/G/C ) 
1209 	 T 	 (  ) 
1210 	 G 	 (  ) 
1211 	 G 	 (  ) 
1212 	 T 	 (  ) 
1213 	 A 	 ( A/R ) 
1214 	 C 	 ( C/T ) 
1215 	 G 	 (  ) 
1216 	 G 	 (  ) 
1217 	 T 	 ( T/C ) 
1218 	 T 	 (  ) 
1219 	 A 	 ( T/A ) 
1220 	 T 	 ( C/T ) 
1221 	 C 	 ( A/C ) 
1222 	 A 	 ( G/A ) 
1223 	 ? 	 ( G/T/C ) 
1224 	 C 	 (  ) 
1225 	 A 	 (  ) 
1226 	 T 	 ( T/C ) 
1227 	 C 	 (  ) 
1228 	 A 	 (  ) 
1229 	 A 	 ( A/G/T ) 
1230 	 A 	 (  ) 
1231 	 A 	 (  ) 
1232 	 T 	 ( T/C ) 
1233 	 G 	 ( T/G/A ) 
1234 	 A 	 ( C/T/A/G ) 
1235 	 G 	 ( T/C/G/A ) 
1236 	 C 	 ( G/C ) 
1237 	 A 	 ( A/C ) 
1238 	 G 	 ( A/G ) 
1239 	 G 	 (  ) 
1240 	 G 	 (  ) 
1241 	 A 	 ( A/C/G ) 
1242 	 T 	 ( A/T/G ) 
1243 	 C 	 ( G/A/C ) 
1244 	 A 	 ( A/G/C/T ) 
1245 	 G 	 (  ) 
1246 	 G 	 (  ) 
1247 	 A 	 ( A/G/C ) 
1248 	 T 	 ( C/T ) 
1249 	 A 	 (  ) 
1250 	 T 	 ( A/T/C ) 
1251 	 G 	 (  ) 
1252 	 C 	 (  ) 
1253 	 A 	 ( A/C/G/T ) 
1254 	 G 	 (  ) 
1255 	 C 	 (  ) 
1256 	 ? 	 ( A/G/T/C ) 
1257 	 G 	 (  ) 
1258 	 A 	 (  ) 
1259 	 T 	 ( T/C ) 
1260 	 C 	 ( C/T/A ) 
1261 	 T 	 ( T/A/G ) 
1262 	 ? 	 ( C/T/G/A ) 
1263 	 A 	 ( A/G/C ) 
1264 	 A 	 (  ) 
1265 	 G 	 ( A/G ) 
1266 	 A 	 (  ) 
1267 	 G 	 (  ) 
1268 	 C 	 ( C/T ) 
1269 	 A 	 (  ) 
1270 	 C 	 (  ) 
1271 	 A 	 ( T/A/G ) 
1272 	 C 	 (  ) 
1273 	 A 	 (  ) 
1274 	 A 	 ( A/G ) 
1275 	 A 	 ( G/A ) 
1276 	 ? 	 ( C/G/A/T ) 
1277 	 T 	 ( A/T ) 
1278 	 G 	 (  ) 
1279 	 C 	 (  ) 
1280 	 C 	 ( A/C ) 
1281 	 A 	 ( A/G ) 
1282 	 T 	 (  ) 
1283 	 T 	 ( C/T ) 
1284 	 G 	 ( G/A ) 
1285 	 A 	 (  ) 
1286 	 T 	 ( T/C ) 
1287 	 G 	 ( C/G/A ) 
1288 	 G 	 ( A/G ) 
1289 	 G 	 ( G/A ) 
1290 	 A 	 (  ) 
1291 	 T 	 (  ) 
1292 	 T 	 ( C/T ) 
1293 	 A 	 (  ) 
1294 	 C 	 ( A/C ) 
1295 	 T 	 ( T/C/A ) 
1296 	 A 	 ( G/A ) 
1297 	 A 	 ( G/A ) 
1298 	 C 	 ( G/C/T ) 
1299 	 A 	 (  ) 
1300 	 A 	 (  ) 
1301 	 G 	 ( G/A ) 
1302 	 G 	 ( C/G/A ) 
1303 	 T 	 (  ) 
1304 	 G 	 ( G/A ) 
1305 	 A 	 (  ) 
1306 	 A 	 (  ) 
1307 	 T 	 ( T/C ) 
1308 	 T 	 ( C/A/T ) 
1309 	 C 	 ( G/A/C ) 
1310 	 T 	 ( A/G/T/C ) 
1311 	 G 	 ( T/G/A ) 
1312 	 T 	 (  ) 
1313 	 T 	 ( G/A/T/C ) 
1314 	 A 	 (  ) 
1315 	 T 	 (  ) 
1316 	 T 	 ( C/T ) 
1317 	 G 	 ( G/A/C ) 
1318 	 A 	 ( G/A ) 
1319 	 A 	 ( A/G ) 
1320 	 A 	 (  ) 
1321 	 A 	 (  ) 
1322 	 A 	 ( A/G ) 
1323 	 A 	 (  ) 
1324 	 T 	 ( C/T ) 
1325 	 G 	 ( T/C/G ) 
1326 	 A 	 (  ) 
1327 	 A 	 ( A/G ) 
1328 	 C 	 ( C/T ) 
1329 	 A 	 ( G/A/T ) 
1330 	 C 	 ( A/C/T ) 
1331 	 ? 	 ( G/A/C/T ) 
1332 	 C 	 ( A/C ) 
1333 	 A 	 (  ) 
1334 	 A 	 ( A/G ) 
1335 	 T 	 (  ) 
1336 	 T 	 (  ) 
1337 	 C 	 ( C/T ) 
1338 	 A 	 ( -/A/T ) 
1339 	 C 	 (  ) 
1340 	 A 	 ( A/G/T ) 
1341 	 G 	 ( T/G ) 
1342 	 C 	 (  ) 
1343 	 A 	 ( A/T ) 
1344 	 G 	 ( G/A ) 
1345 	 - 	 ( A/- ) 
1346 	 T 	 (  ) 
1347 	 ? 	 ( T/C/A/G ) 
1348 	 G 	 ( G/A ) 
1349 	 G 	 ( A/G ) 
1350 	 ? 	 ( A/T/C ) 
1351 	 A 	 (  ) 
1352 	 A 	 (  ) 
1353 	 A 	 ( A/G ) 
1354 	 G 	 (  ) 
1355 	 A 	 (  ) 
1356 	 A 	 ( A/G ) 
1357 	 T 	 (  ) 
1358 	 T 	 (  ) 
1359 	 C 	 ( C/T ) 
1360 	 A 	 ( T/A ) 
1361 	 A 	 ( C/A/G ) 
1362 	 C 	 ( A/C/T ) 
1363 	 ? 	 ( G/A/C ) 
1364 	 A 	 ( A/G ) 
1365 	 ? 	 ( A/C/T/G ) 
1366 	 T 	 ( G/A/T/C ) 
1367 	 T 	 (  ) 
1368 	 G 	 ( A/C/G/T ) 
1369 	 G 	 (  ) 
1370 	 A 	 (  ) 
1371 	 A 	 (  ) 
1372 	 A 	 ( G/A ) 
1373 	 G 	 ( G/A ) 
1374 	 A 	 ( A/G/T ) 
1375 	 A 	 (  ) 
1376 	 G 	 (  ) 
1377 	 A 	 ( A/G ) 
1378 	 A 	 ( G/A/C ) 
1379 	 T 	 (  ) 
1380 	 A 	 ( T/A/G ) 
1381 	 G 	 ( C/G ) 
1382 	 A 	 ( A/T/G ) 
1383 	 G 	 ( A/G ) 
1384 	 A 	 ( G/A ) 
1385 	 A 	 ( A/G ) 
1386 	 T 	 ( C/T ) 
1387 	 C 	 ( C/T ) 
1388 	 T 	 (  ) 
1389 	 A 	 ( T/A/G ) 
1390 	 A 	 ( G/A ) 
1391 	 A 	 (  ) 
1392 	 T 	 ( G/C/T ) 
1393 	 A 	 (  ) 
1394 	 A 	 ( A/G ) 
1395 	 A 	 ( A/G/T ) 
1396 	 A 	 ( T/A ) 
1397 	 A 	 (  ) 
1398 	 G 	 ( T/C/A/G ) 
1399 	 G 	 ( G/A ) 
1400 	 T 	 (  ) 
1401 	 T 	 ( T/A ) 
1402 	 G 	 (  ) 
1403 	 A 	 (  ) 
1404 	 T 	 ( G/A/C/T ) 
1405 	 G 	 (  ) 
1406 	 A 	 (  ) 
1407 	 T 	 ( C/T ) 
1408 	 G 	 ( A/G ) 
1409 	 G 	 ( C/G ) 
1410 	 T 	 ( T/C/G/A ) 
1411 	 T 	 ( A/T ) 
1412 	 T 	 ( A/T ) 
1413 	 T 	 ( A/T/C ) 
1414 	 C 	 ( A/G/T/C ) 
1415 	 T 	 (  ) 
1416 	 A 	 ( A/G ) 
1417 	 G 	 (  ) 
1418 	 A 	 (  ) 
1419 	 T 	 ( T/C ) 
1420 	 A 	 ( C/G/A ) 
1421 	 T 	 (  ) 
1422 	 T 	 ( C/T ) 
1423 	 T 	 (  ) 
1424 	 G 	 (  ) 
1425 	 G 	 (  ) 
1426 	 A 	 ( T/A ) 
1427 	 C 	 (  ) 
1428 	 T 	 ( A/G/T/C ) 
1429 	 T 	 (  ) 
1430 	 A 	 (  ) 
1431 	 C 	 ( C/T ) 
1432 	 A 	 (  ) 
1433 	 A 	 (  ) 
1434 	 T 	 ( C/T ) 
1435 	 G 	 (  ) 
1436 	 C 	 (  ) 
1437 	 ? 	 ( G/A/T/C ) 
1438 	 G 	 ( G/K ) 
1439 	 A 	 (  ) 
1440 	 A 	 ( G/A ) 
1441 	 C 	 ( C/T ) 
1442 	 T 	 (  ) 
1443 	 G 	 ( T/A/G ) 
1444 	 T 	 ( C/T ) 
1445 	 T 	 (  ) 
1446 	 G 	 ( T/G/A ) 
1447 	 G 	 ( G/A ) 
1448 	 T 	 (  ) 
1449 	 T 	 ( T/A/C ) 
1450 	 C 	 ( G/C/Y/T ) 
1451 	 T 	 ( C/T ) 
1452 	 A 	 ( C/T/A/G ) 
1453 	 C 	 ( C/A/T ) 
1454 	 T 	 (  ) 
1455 	 G 	 ( G/A ) 
1456 	 G 	 (  ) 
1457 	 A 	 (  ) 
1458 	 A 	 ( G/A ) 
1459 	 A 	 (  ) 
1460 	 A 	 (  ) 
1461 	 T 	 ( C/T ) 
1462 	 G 	 ( C/G ) 
1463 	 A 	 (  ) 
1464 	 A 	 ( A/G ) 
1465 	 A 	 ( C/A ) 
1466 	 G 	 ( A/G ) 
1467 	 ? 	 ( T/C/G/A ) 
1468 	 A 	 (  ) 
1469 	 C 	 (  ) 
1470 	 T 	 ( A/T/C/G ) 
1471 	 T 	 ( A/T/C ) 
1472 	 T 	 (  ) 
1473 	 G 	 ( T/G/A ) 
1474 	 G 	 (  ) 
1475 	 A 	 ( A/T ) 
1476 	 T 	 ( T/C/Y ) 
1477 	 T 	 ( C/T ) 
1478 	 T 	 ( T/A ) 
1479 	 C 	 ( A/G/C/T ) 
1480 	 C 	 ( A/C ) 
1481 	 A 	 ( C/A ) 
1482 	 C 	 ( T/C ) 
1483 	 G 	 (  ) 
1484 	 A 	 (  ) 
1485 	 C 	 ( C/T ) 
1486 	 T 	 (  ) 
1487 	 C 	 (  ) 
1488 	 A 	 ( A/G/C/T ) 
1489 	 A 	 ( G/A ) 
1490 	 A 	 (  ) 
1491 	 T 	 ( A/G/T/C ) 
1492 	 G 	 ( A/G ) 
1493 	 T 	 (  ) 
1494 	 G 	 ( G/A ) 
1495 	 A 	 ( A/G ) 
1496 	 A 	 ( A/G ) 
1497 	 G 	 ( C/G/T/A ) 
1498 	 A 	 ( A/C ) 
1499 	 A 	 ( A/C/G ) 
1500 	 ? 	 ( A/G/T/C ) 
1501 	 T 	 ( C/T ) 
1502 	 T 	 (  ) 
1503 	 G 	 ( G/A ) 
1504 	 T 	 (  ) 
1505 	 A 	 ( T/A ) 
1506 	 T 	 ( T/C ) 
1507 	 G 	 (  ) 
1508 	 A 	 (  ) 
1509 	 A 	 ( A/G/T ) 
1510 	 A 	 (  ) 
1511 	 A 	 ( A/G ) 
1512 	 A 	 ( A/G ) 
1513 	 G 	 ( A/G ) 
1514 	 T 	 ( C/T ) 
1515 	 A 	 ( A/T/G ) 
1516 	 A 	 ( A/C ) 
1517 	 G 	 ( A/G ) 
1518 	 A 	 ( G/A ) 
1519 	 A 	 ( A/G ) 
1520 	 G 	 ( A/G/C/T ) 
1521 	 C 	 ( G/A/C/T ) 
1522 	 C 	 (  ) 
1523 	 A 	 (  ) 
1524 	 A 	 ( A/G ) 
1525 	 C 	 ( C/T ) 
1526 	 T 	 (  ) 
1527 	 A 	 ( G/A ) 
1528 	 A 	 ( A/C ) 
1529 	 A 	 ( G/A ) 
1530 	 A 	 ( G/A ) 
1531 	 A 	 ( G/A ) 
1532 	 A 	 ( A/G ) 
1533 	 C 	 ( A/C/T ) 
1534 	 A 	 (  ) 
1535 	 A 	 (  ) 
1536 	 T 	 (  ) 
1537 	 G 	 (  ) 
1538 	 C 	 (  ) 
1539 	 C 	 ( T/C ) 
1540 	 A 	 ( G/A ) 
1541 	 A 	 (  ) 
1542 	 G 	 ( G/A ) 
1543 	 G 	 (  ) 
1544 	 A 	 (  ) 
1545 	 A 	 ( C/T/A/G ) 
1546 	 A 	 ( A/G ) 
1547 	 T 	 (  ) 
1548 	 T 	 ( G/T/A ) 
1549 	 G 	 (  ) 
1550 	 G 	 (  ) 
1551 	 ? 	 ( A/C/T/G/R ) 
1552 	 A 	 ( A/G ) 
1553 	 A 	 (  ) 
1554 	 T 	 ( T/C ) 
1555 	 G 	 (  ) 
1556 	 G 	 (  ) 
1557 	 C 	 ( T/C/G/A ) 
1558 	 T 	 (  ) 
1559 	 G 	 (  ) 
1560 	 C 	 ( T/C ) 
1561 	 T 	 (  ) 
1562 	 T 	 (  ) 
1563 	 T 	 ( C/T ) 
1564 	 G 	 ( A/G ) 
1565 	 A 	 (  ) 
1566 	 A 	 ( A/G ) 
1567 	 T 	 ( A/T ) 
1568 	 T 	 (  ) 
1569 	 T 	 ( A/C/T ) 
1570 	 T 	 (  ) 
1571 	 A 	 ( A/T ) 
1572 	 C 	 ( C/T ) 
1573 	 C 	 (  ) 
1574 	 A 	 (  ) 
1575 	 C 	 ( C/T ) 
1576 	 A 	 ( A/G ) 
1577 	 A 	 (  ) 
1578 	 A 	 ( A/G ) 
1579 	 T 	 (  ) 
1580 	 G 	 (  ) 
1581 	 T 	 ( T/C ) 
1582 	 G 	 ( G/A ) 
1583 	 A 	 (  ) 
1584 	 C 	 ( C/T ) 
1585 	 A 	 ( A/G ) 
1586 	 A 	 (  ) 
1587 	 C 	 ( T/C ) 
1588 	 A 	 ( G/A ) 
1589 	 ? 	 ( C/T/A ) 
1590 	 A 	 ( C/A/G/T ) 
1591 	 T 	 (  ) 
1592 	 G 	 (  ) 
1593 	 C 	 ( C/T ) 
1594 	 A 	 (  ) 
1595 	 T 	 (  ) 
1596 	 G 	 ( A/T/G ) 
1597 	 G 	 ( G/A ) 
1598 	 A 	 ( G/A ) 
1599 	 A 	 ( A/C/G/T ) 
1600 	 A 	 ( T/A ) 
1601 	 G 	 ( C/G ) 
1602 	 T 	 ( A/T/C ) 
1603 	 G 	 ( A/G ) 
1604 	 T 	 (  ) 
1605 	 C 	 ( A/C/G/T ) 
1606 	 A 	 (  ) 
1607 	 A 	 ( G/A ) 
1608 	 A 	 ( A/G ) 
1609 	 A 	 (  ) 
1610 	 A 	 ( A/G ) 
1611 	 T 	 ( T/C ) 
1612 	 G 	 (  ) 
1613 	 G 	 ( G/A ) 
1614 	 A 	 ( A/G ) 
1615 	 A 	 ( A/T ) 
1616 	 C 	 ( C/A ) 
1617 	 T 	 ( T/C ) 
1618 	 T 	 (  ) 
1619 	 A 	 (  ) 
1620 	 T 	 ( T/C ) 
1621 	 G 	 ( G/A ) 
1622 	 A 	 (  ) 
1623 	 C 	 ( C/T/A ) 
1624 	 T 	 ( C/T ) 
1625 	 A 	 (  ) 
1626 	 C 	 ( C/T ) 
1627 	 C 	 ( A/G/C/T ) 
1628 	 C 	 ( A/T/C/S ) 
1629 	 A 	 ( T/A ) 
1630 	 A 	 ( G/A ) 
1631 	 A 	 ( T/A ) 
1632 	 A 	 ( G/A ) 
1633 	 T 	 (  ) 
1634 	 A 	 (  ) 
1635 	 C 	 ( C/T ) 
1636 	 T 	 ( A/T ) 
1637 	 C 	 ( G/C/A ) 
1638 	 A 	 ( G/A/T/C ) 
1639 	 G 	 ( G/A ) 
1640 	 A 	 (  ) 
1641 	 ? 	 ( T/C/A/G ) 
1642 	 G 	 (  ) 
1643 	 A 	 ( A/T ) 
1644 	 A 	 ( A/G ) 
1645 	 G 	 ( G/T ) 
1646 	 C 	 (  ) 
1647 	 A 	 ( A/G ) 
1648 	 A 	 ( T/A ) 
1649 	 A 	 ( T/A/G ) 
1650 	 A 	 ( A/G ) 
1651 	 ? 	 ( A/C/Y/T ) 
1652 	 T 	 ( A/T ) 
1653 	 A 	 ( C/A/G ) 
1654 	 A 	 ( A/C ) 
1655 	 A 	 ( A/G ) 
1656 	 C 	 ( C/T/A ) 
1657 	 A 	 ( C/A ) 
1658 	 G 	 (  ) 
1659 	 A 	 ( G/A ) 
1660 	 G 	 ( T/G/A ) 
1661 	 A 	 ( T/A ) 
1662 	 G 	 ( C/G/A ) 
1663 	 ? 	 ( C/G/A ) 
1664 	 A 	 (  ) 
1665 	 A 	 ( G/A ) 
1666 	 A 	 ( A/G ) 
1667 	 T 	 (  ) 
1668 	 A 	 ( C/T/A ) 
1669 	 G 	 ( A/G ) 
1670 	 A 	 (  ) 
1671 	 T 	 ( G/A/T/C ) 
1672 	 G 	 ( G/A ) 
1673 	 G 	 (  ) 
1674 	 A 	 ( A/T/G ) 
1675 	 G 	 ( G/A ) 
1676 	 T 	 (  ) 
1677 	 ? 	 ( T/C/G/A ) 
1678 	 A 	 ( G/C/A ) 
1679 	 A 	 (  ) 
1680 	 G 	 ( G/A ) 
1681 	 T 	 ( C/T ) 
1682 	 T 	 (  ) 
1683 	 G 	 ( G/A ) 
1684 	 G 	 ( A/G ) 
1685 	 A 	 (  ) 
1686 	 A 	 ( G/A/T/C ) 
1687 	 T 	 ( T/A/C ) 
1688 	 C 	 (  ) 
1689 	 A 	 ( A/T ) 
1690 	 A 	 ( G/A/T ) 
1691 	 C 	 ( G/A/C/T ) 
1692 	 A 	 ( G/A ) 
1693 	 A 	 ( T/A/G ) 
1694 	 G 	 ( A/G ) 
1695 	 G 	 ( C/G/A/T ) 
1696 	 A 	 ( A/G ) 
1697 	 T 	 ( A/T/C ) 
1698 	 ? 	 ( A/T/C ) 
1699 	 T 	 ( G/T ) 
1700 	 A 	 (  ) 
1701 	 T 	 ( T/C ) 
1702 	 C 	 ( T/C/A ) 
1703 	 A 	 ( G/A ) 
1704 	 G 	 ( G/A/T ) 
1705 	 A 	 (  ) 
1706 	 T 	 (  ) 
1707 	 T 	 ( C/T ) 
1708 	 T 	 ( C/T/A ) 
1709 	 T 	 (  ) 
1710 	 G 	 ( A/G ) 
1711 	 G 	 ( T/G ) 
1712 	 C 	 ( G/C ) 
1713 	 G 	 ( G/A/T ) 
1714 	 A 	 ( A/G ) 
1715 	 T 	 (  ) 
1716 	 C 	 ( T/A/C ) 
1717 	 T 	 (  ) 
1718 	 A 	 ( C/A ) 
1719 	 T 	 ( C/T ) 
1720 	 T 	 (  ) 
1721 	 C 	 ( T/C ) 
1722 	 A 	 ( T/A/G ) 
1723 	 A 	 ( G/A ) 
1724 	 C 	 (  ) 
1725 	 ? 	 ( C/T/A/G ) 
1726 	 G 	 ( A/G ) 
1727 	 T 	 (  ) 
1728 	 C 	 ( A/T/C ) 
1729 	 G 	 ( T/G ) 
1730 	 C 	 (  ) 
1731 	 C 	 ( A/C/T ) 
1732 	 A 	 ( T/A ) 
1733 	 G 	 (  ) 
1734 	 T 	 ( T/C/Y ) 
1735 	 T 	 (  ) 
1736 	 C 	 ( T/C ) 
1737 	 A 	 ( T/C/A/G ) 
1738 	 T 	 ( T/C ) 
1739 	 T 	 (  ) 
1740 	 G 	 ( G/A ) 
1741 	 G 	 ( C/A/G ) 
1742 	 T 	 (  ) 
1743 	 A 	 ( T/A/G/C ) 
1744 	 C 	 ( T/C ) 
1745 	 T 	 ( G/T ) 
1746 	 ? 	 ( T/G/A/C ) 
1747 	 G 	 ( G/T/A/C ) 
1748 	 T 	 ( T/G/C ) 
1749 	 A 	 ( T/G/A ) 
1750 	 G 	 ( G/A ) 
1751 	 T 	 ( C/T ) 
1752 	 C 	 ( T/C ) 
1753 	 T 	 ( T/C ) 
1754 	 C 	 ( T/C ) 
1755 	 C 	 ( G/C/T ) 
1756 	 C 	 ( T/C ) 
1757 	 T 	 (  ) 
1758 	 G 	 ( G/A ) 
1759 	 G 	 (  ) 
1760 	 G 	 (  ) 
1761 	 G 	 ( G/A ) 
1762 	 G 	 ( T/G ) 
1763 	 C 	 ( T/C ) 
1764 	 A 	 ( C/A ) 
1765 	 A 	 ( A/C/G ) 
1766 	 T 	 (  ) 
1767 	 C 	 ( A/C/T ) 
1768 	 A 	 ( A/T ) 
1769 	 G 	 ( -/G ) 
1770 	 ? 	 ( -/T/C ) 
1771 	 T 	 ( -/T ) 
1772 	 T 	 (  ) 
1773 	 C 	 ( G/C ) 
1774 	 T 	 (  ) 
1775 	 G 	 (  ) 
1776 	 G 	 (  ) 
1777 	 A 	 ( G/A ) 
1778 	 T 	 ( C/T ) 
1779 	 G 	 ( C/T/G ) 
1780 	 T 	 (  ) 
1781 	 G 	 (  ) 
1782 	 C 	 ( C/T ) 
1783 	 T 	 ( C/T ) 
1784 	 C 	 ( A/C ) 
1785 	 ? 	 ( A/T/C/Y ) 
1786 	 A 	 (  ) 
1787 	 A 	 (  ) 
1788 	 T 	 ( A/G/T ) 
1789 	 G 	 (  ) 
1790 	 G 	 (  ) 
1791 	 G 	 ( C/G/A ) 
1792 	 T 	 ( A/T ) 
1793 	 C 	 ( A/C ) 
1794 	 T 	 ( C/T/G/A ) 
1795 	 ? 	 ( A/T/C ) 
1796 	 T 	 (  ) 
1797 	 A 	 ( T/G/A ) 
1798 	 C 	 ( A/C ) 
1799 	 A 	 ( G/A ) 
1800 	 G 	 ( A/G ) 
1801 	 T 	 (  ) 
1802 	 G 	 (  ) 
1803 	 C 	 ( C/T ) 
1804 	 A 	 (  ) 
1805 	 G 	 ( A/G ) 
1806 	 A 	 ( C/A/T ) 
1807 	 A 	 ( A/G ) 
1808 	 T 	 (  ) 
1809 	 A 	 ( T/A ) 
1810 	 T 	 (  ) 
1811 	 G 	 (  ) 
1812 	 C 	 ( C/T ) 
1813 	 A 	 (  ) 
1814 	 T 	 (  ) 
1815 	 T 	 ( T/C ) 
1816 	 T 	 (  ) 
1817 	 A 	 ( G/A ) 
1818 	 A 	 ( A/G ) 
1819 	 - 	 ( -/T/G/A/C ) 
1820 	 - 	 ( -/T/A ) 
1821 	 - 	 ( -/G/T ) 
1822 	 - 	 ( -/C/T ) 
1823 	 - 	 ( -/A/W ) 
1824 	 - 	 ( -/T/G ) 
1825 	 - 	 ( -/T/A/G ) 
1826 	 - 	 ( -/A ) 
1827 	 - 	 ( -/A/T ) 
1828 	 - 	 ( -/T ) 
1829 	 - 	 ( -/T ) 
1830 	 - 	 ( -/A/C ) 
1831 	 - 	 ( -/A ) 
1832 	 - 	 ( -/A/G ) 
1833 	 - 	 ( -/A ) 
1834 	 - 	 ( -/A ) 
1835 	 - 	 ( -/C/A/T ) 
1836 	 - 	 ( -/A/T/C ) 
1837 	 - 	 ( -/C/G/A ) 
1838 	 - 	 ( -/C/T ) 
1839 	 - 	 ( -/C/G ) 
1840 	 - 	 ( -/T/A ) 
1841 	 - 	 ( -/T/G ) 
1842 	 - 	 ( -/G/A ) 
1843 	 - 	 ( -/T/A ) 
1844 	 - 	 ( -/T/A ) 
1845 	 - 	 ( -/T/A ) 
1846 	 - 	 ( -/C/A ) 
1847 	 - 	 ( -/T/A/C ) 
1848 	 - 	 ( -/A/C ) 
1849 	 - 	 ( -/C/A ) 
1850 	 - 	 ( -/T/C ) 
